<?xml version="1.0" encoding="UTF-8"?>
<beans xmlns="http://www.springframework.org/schema/beans"
    xmlns:xsi="http://www.w3.org/2001/XMLSchema-instance"
    xsi:schemaLocation="http://www.springframework.org/schema/beans
    http://www.springframework.org/schema/beans/spring-beans.xsd">
    
       <!-- Handler Mapping Config -->
	<bean class="org.springframework.web.servlet.handler.SimpleUrlHandlerMapping">
	<property name="mappings">
	<props>
	<prop key="home.htm">pvc</prop>
	<prop key="student.htm">abslc</prop>
	<prop key="edit.htm">sec</prop>
	<prop key="register.htm">src</prop>
	<prop key="delete.htm">sdc</prop>
	</props>
	</property>
	</bean>
	
	<!-- Configuration of ResourceBundleMessageSource classe -->
	<bean id="messageSource" class="org.springframework.context.support.ResourceBundleMessageSource">
	<property name="basename" value="com/nt/commons/validator"/>
	</bean>
	
	<!-- Configuration of Validator classe -->
	<bean id="stValidator" class="com.nt.validator.StudentValidator"/>
	
    <!-- Configuration of controller classes -->
    <bean id="pvc" class="org.springframework.web.servlet.mvc.ParameterizableViewController">
	<property name="viewName" value="getStudent"/>
	</bean>
	
	<bean id="abslc" class="com.nt.controller.StudentListController">
	<property name="service" ref="stService"/>
	</bean>
	
	<bean id="src" class="com.nt.controller.StudentRegisterController">
	<property name="formView" value="register_student"/>
	<property name="commandClass" value="com.nt.command.StudentCommand"/>
	<property name="commandName" value="stCmd"/>
	<property name="sessionForm" value="true"/>
	<property name="validator" ref="stValidator"/>
	<property name="service" ref="stService"/>
	</bean>
	
	
	<bean id="sec" class="com.nt.controller.StudentEditController">
	<property name="formView" value="edit_student"/>
	<property name="commandClass" value="com.nt.command.StudentCommand"/>
	<property name="commandName" value="stCmd"/>
	<property name="sessionForm" value="true"></property>
	<property name="validator" ref="stValidator"/>
	<property name="service" ref="stService"/>
	</bean>
	
	
	<bean id="sdc" class="com.nt.controller.StudentDeleteController">
	<property name="formView" value="delete_student"/>
	<property name="commandClass" value="com.nt.command.StudentCommand"/>
	<property name="commandName" value="stCmd"/>
	<property name="service" ref="stService"/>
	</bean>

	
	<!-- View Resolver Config -->
	<bean class="org.springframework.web.servlet.view.InternalResourceViewResolver">
	<property name="prefix" value="/WEB-INF/pages/"/>
	<property name="suffix" value=".jsp"/>
	
	</bean>
    
    </beans>