<?xml version="1.0" encoding="UTF-8"?>
<beans xmlns="http://www.springframework.org/schema/beans"
    xmlns:xsi="http://www.w3.org/2001/XMLSchema-instance"
    xsi:schemaLocation="http://www.springframework.org/schema/beans
    http://www.springframework.org/schema/beans/spring-beans.xsd">
    
    
       <!-- Handler Mapping Config -->
	<bean class="org.springframework.web.servlet.handler.SimpleUrlHandlerMapping">
	<property name="mappings">
	<props>
	<prop key="welcome.htm">ufvc</prop>
	<prop key="empList.htm">elc</prop>
	</props>
	</property>
	</bean>
	
	<!-- Configure Controller class -->
	<bean id="ufvc" class="org.springframework.web.servlet.mvc.UrlFilenameViewController"/>
	
	<bean id="elc" class="com.nt.controller.EmployeeListController">
	<property name="service" ref="empService"/>
	</bean>
	<!-- View Resolver Config -->
	<bean class="org.springframework.web.servlet.view.InternalResourceViewResolver">
	<property name="prefix" value="/WEB-INF/pages/"/>
	<property name="suffix" value=".jsp"/>
	
	</bean>
    
    </beans>